{
 "size": [
  1920,
  1080
 ],
 "K1": [
  [
   4071.5864516195907,
   0.0,
   875.2514050642214
  ],
  [
   0.0,
   4084.7571756609464,
   591.2295516947222
  ],
  [
   0.0,
   0.0,
   1.0
  ]
 ],
 "D1": [
  [
   -0.45484460290839557,
   1.1359488312284707,
   0.0005113607758152462,
   0.002045088545895849,
   -19.667935994193382
  ]
 ],
 "K2": [
  [
   4066.9756135551106,
   0.0,
   931.1196337713217
  ],
  [
   0.0,
   4078.6913250606585,
   551.5896406833155
  ],
  [
   0.0,
   0.0,
   1.0
  ]
 ],
 "D2": [
  [
   -0.46413400578890157,
   0.8770560869510523,
   0.0002307700471672162,
   -0.001209049249620575,
   -3.8865219887605984
  ]
 ],
 "R": [
  [
   0.999999791847795,
   -0.00029257302182308226,
   -0.0005750699033285005
  ],
  [
   0.00029742313743673333,
   0.9999642365918362,
   0.008452045715898967
  ],
  [
   0.0005725764963131396,
   -0.008452214995681908,
   0.9999641154650615
  ]
 ],
 "T": [
  [
   -61.29908954080216
  ],
  [
   0.3510007452252199
  ],
  [
   2.535626676492464
  ]
 ],
 "Q": [
  [
   1.0,
   0.0,
   0.0,
   -1076.4557266235352
  ],
  [
   0.0,
   1.0,
   0.0,
   -573.927978515625
  ],
  [
   0.0,
   0.0,
   0.0,
   4087.2010928953655
  ],
  [
   0.0,
   0.0,
   0.016299250571227178,
   -0.0
  ]
 ]
}